dt_s,code,energy_J
6e-11,1,2.57896e-12
1.6e-10,5,2.62379e-12
2.6e-10,8,2.64505e-12
